Method,Precision,Recall,F1-Score,MAE Risk,Samples
Baseline: Metadata Keyword,0.0,0.0,0.0,5.0,1
Baseline: CLIP (ViT-L/14),0.048286604361370715,1.0,0.09212481426448738,,107
Baseline: Grounding DINO,0.07065217391304347,0.41935483870967744,0.12093023255813953,3.9626168224299065,107
Baseline: OWL-v2,0.16483516483516483,0.4838709677419355,0.2459016393442623,3.9626168224299065,107
Ablation: Qwen-VL (No YOLO),0.29411764705882354,0.8064516129032258,0.43103448275862066,1.691588785046729,107
Single Scout: Qwen-VL + YOLO,0.24742268041237114,0.7741935483870968,0.375,1.6168224299065421,107
Single Scout: Gemma3 + YOLO,0.3188405797101449,0.7096774193548387,0.44,1.644859813084112,107
Single Scout: Kimi + YOLO,0.3333333333333333,0.45161290322580644,0.3835616438356164,2.607476635514019,107
Ours: Semantic-Drive (Consensus),0.23529411764705882,0.7741935483870968,0.3609022556390977,1.7476635514018692,107
